<?xml version="1.0" encoding="UTF-8"?>
<addon id="plugin.audio.optimusdiscos"
       name="Optimus Discos"
       version="0.0.04"
       provider-name="fightnight">
    <requires>
        <import addon="xbmc.python" version="1.0"/>
	<import addon="script.module.urlresolver"  version="1.0.5"/>

        <import addon="script.common.plugin.cache" version="0.9.0"/> 
    </requires>
    <extension point="xbmc.python.pluginsource" library="default.py">
        <provides>audio video</provides>
    </extension>
    <extension point="xbmc.addon.metadata">
        <summary>Optimus Discos</summary>
        <description>Musica 100 por cento legal e gratuita.</description>
        <platform>all</platform>
	<broken>Desinstala este addon e instala o addon substituto (Fightnight Music do repositorio)</broken>
    </extension>
</addon>