<?xml version="1.0" encoding="UTF-8" standalone="yes"?>
<addon id="repository.techdealer" name="Techdealer Repositório" version="1.0.0" provider-name="Techdealer">
	<extension point="xbmc.addon.repository" name="Techdealer Repositório">
		<info compressed="false">http://techdealer.cf/addons.xml</info>
		<checksum>http://techdealer.cf/addons.xml.md5</checksum>
		<datadir zip="false">http://techdealer.cf/</datadir>
	</extension>
	<extension point="xbmc.addon.metadata">
		<summary>Techdealer Repositório</summary>
		<description>Repositório xbmc de Techdealer</description>
		<disclaimer></disclaimer>
		<platform>all</platform>
	</extension>
</addon>