<?xml version="1.0" encoding="UTF-8"?>
<addon id="plugin.video.xbmclogviewer"
       name="Log Viewer for Kodi"
       version="0.1.01"
       provider-name="fightnight">
    <requires>
        <import addon="xbmc.python" version="2.1.0"/> 
    </requires>
    <extension point="xbmc.python.pluginsource" library="default.py">
        <provides>executable</provides>
    </extension>
    <extension point="xbmc.addon.metadata">
        <summary>Show Kodi Log on GUI.</summary>
        <description>Show Kodi Log on GUI.</description>
        <platform>all</platform>
    </extension>
</addon>