<?xml version="1.0" encoding="UTF-8"?>
<addon id="plugin.video.abelhas"
       name="Abelhas.pt"
       version="0.0.05"
       provider-name="fightnight">
    <requires>
        <import addon="xbmc.python" version="2.1.0"/>
	<import addon="script.module.t0mm0.common" version="1.0.0"/>
    </requires>
    <extension point="xbmc.python.pluginsource" library="default.py">
        <provides>video</provides>
    </extension>
    <extension point="xbmc.addon.metadata">
        <summary>Conteudos do site Abelhas.pt</summary>
        <description>Ve os teus conteudos e os da comunidade abelhas no XBMC.</description>
        <platform>all</platform>
    </extension>
</addon>