<?xml version="1.0" encoding="utf-8"?>
<window type="dialog">
	<allowoverlay>no</allowoverlay>
	<defaultcontrol always="false">4001</defaultcontrol>
	<coordinates>
		<system>1</system>
		<posx>760</posx>
		<posy>20</posy>
	</coordinates>
    <animation effect="slide" start="560,0" end="0,0" time="250">WindowOpen</animation>
    <animation effect="slide" start="0,0" end="560,0" time="250">WindowClose</animation>
    <controls>

        <control type="image">
            <posx>0</posx>
            <posy>0</posy>
            <width>560</width>
            <height>160</height>
            <texture>tvguide-glasspane.png</texture>
        </control>

        <control type="image">
            <posx>0</posx>
            <posy>180</posy>
            <width>560</width>
            <height>320</height>
            <texture>tvguide-glasspane.png</texture>
        </control>		

        <control type="image">
            <posx>0</posx>
            <posy>0</posy>
            <width>560</width>
            <height>160</height>
            <texture>tvguide-glasspane.png</texture>
        </control>

        <control type="image">
            <posx>0</posx>
            <posy>180</posy>
            <width>560</width>
            <height>320</height>
            <texture>tvguide-glasspane.png</texture>
        </control>		
		

		<!-- logotipo -->
        <control type="image" id="4100"> 
            <posx>270</posx>
            <posy>0</posy>
            <width>240</width>
            <height>80</height>
            <aspectratio>keep</aspectratio>
        </control>

		<!-- cruz saida -->
		<control type="button" id="4306">
			<description>exit</description>
			<posx>0</posx>
			<posy>10</posy>
			<width>50</width>
			<height>50</height>
			<textcolor>ffffffff</textcolor>
			<font>font13</font>
			<label>X</label>
			<onright>4001</onright>
			<ondown>4001</ondown>
			<aligny>center</aligny>
			<align>center</align>
			<texturefocus>tvguide-program-grey-focus.png</texturefocus>
			<texturenofocus>tvguide-program-grey.png</texturenofocus>
		</control>
		
        <!-- botao trocar server -->
		<control type="button" id="4001">
            <posx>20</posx>
            <posy>70</posy>
            <width>240</width>
            <height>50</height>
            <texturefocus>tvguide-program-grey-focus.png</texturefocus>
            <texturenofocus>tvguide-program-grey.png</texturenofocus>
			<onup>4306</onup>
			<onleft>4306</onleft>
			<onright>40010</onright>
			<ondown>6000</ondown>
            <align>center</align>
            <aligny>center</aligny>
            <font>font13</font>
            <textcolor>ffffffff</textcolor>
            <label>Trocar servidor</label>
        </control>
		
		<!-- botao gravar -->
        <control type="button" id="40010">
            <posx>260</posx>
            <posy>70</posy>
            <width>240</width>
            <height>50</height>
            <texturefocus>tvguide-program-grey-focus.png</texturefocus>
            <texturenofocus>tvguide-program-grey.png</texturenofocus>
			<onup>4306</onup>
            <onleft>4001</onleft>
			<ondown>6000</ondown>
            <align>center</align>
            <aligny>center</aligny>
            <font>font13</font>
            <textcolor>ffffffff</textcolor>
            <label>Gravar Canal</label>
        </control>

		<!-- titulo lista -->
        <control type="label">
            <posx>20</posx>
            <posy>190</posy>
            <width>520</width>
            <height>40</height>
            <align>center</align>
            <aligny>center</aligny>
            <font>font13</font>
            <textcolor>ffffffff</textcolor>
            <label>[B]Lista de Canais[/B]</label>
        </control>
		
		<!-- combolist -->
        <control type="fixedlist" id="6000">
            <posx>20</posx>
            <posy>260</posy>
            <width>520</width>
            <height>200</height>
            <viewtype label="list">list</viewtype>
            <orientation>vertical</orientation>
            <focusposition>0</focusposition>
            <onup>4001</onup>
			<onright>6003</onright>
			<ondown>4001</ondown>
            <itemlayout width="480" height="40">
                <control type="image">
                    <posx>0</posx>
                    <posy>0</posy>
                    <width>480</width>
                    <height>38</height>
                    <texture>tvguide-program-grey.png</texture>
                </control>
                <control type="label">
                    <posx>16</posx>
                    <posy>0</posy>
                    <width>450</width>
                    <height>38</height>
                    <aligny>center</aligny>
                    <font>font13</font>
                    <textcolor>ffffffff</textcolor>
                    <info>ListItem.Label</info>
                </control>
                <control type="image">
                    <posx>470</posx>
                    <posy>0</posy>
                    <width>40</width>
                    <height>40</height>
                    <info>ListItem.Icon</info>
                </control>
            </itemlayout>
            <focusedlayout width="480" height="40">
                <control type="image">
                    <posx>0</posx>
                    <posy>0</posy>
                    <width>480</width>
                    <height>38</height>
                    <texture>tvguide-program-grey-focus.png</texture>
                    <visible>Control.HasFocus(6000)</visible>
                </control>
                <control type="image">
                    <posx>8</posx>
                    <posy>0</posy>
                    <width>12</width>
                    <height>40</height>
                    <texture>tvguide-channel-leftarrow.png</texture>
                </control>
                <control type="label">
                    <posx>16</posx>
                    <posy>0</posy>
                    <width>450</width>
                    <height>38</height>
                    <aligny>center</aligny>
                    <font>font13</font>
                    <textcolor>ffffffff</textcolor>
                    <label>[B]$INFO[ListItem.Label][/B]</label>
                </control>
                <control type="image">
                    <posx>470</posx>
                    <posy>0</posy>
                    <width>40</width>
                    <height>40</height>
                    <info>ListItem.Icon</info>
                </control>
            </focusedlayout>
        </control>
	
    </controls>
</window>
