<?xml version="1.0" encoding="UTF-8"?>
<addon id="plugin.audio.fightnightmusic"
       name="Fightnight Music"
       version="0.0.03"
       provider-name="fightnight">
    <requires>
        <import addon="xbmc.python" version="2.1.0"/>
    </requires>
    <extension point="xbmc.python.pluginsource" library="default.py">
        <provides>audio</provides>
    </extension>
    <extension point="xbmc.addon.metadata">
        <summary>Radios e Musicas gratuitos.</summary>
        <description>Radios Portuguesas no XBMC.</description>
        <platform>all</platform>
    </extension>
</addon>