<?xml version="1.0" encoding="UTF-8"?>
<addon id="plugin.video.hotspot"
       name="Hotspot Connector"
       version="0.0.05"
       provider-name="fightnight">
    <requires>
        <import addon="xbmc.python" version="2.1.0"/> 
	<import addon="script.module.t0mm0.common" version="1.0.0"/>
    </requires>
    <extension point="xbmc.python.pluginsource" library="default.py">
        <provides>executable</provides>
    </extension>
    <extension point="xbmc.addon.metadata">
        <summary>Liga-te as redes publicas.</summary>
        <description>MEO WiFi e Free FON ZON</description>
        <platform>all</platform>
    </extension>
</addon>