<window>
    <defaultcontrol always="false">500</defaultcontrol>
    <allowoverlay>no</allowoverlay>
	<include>dialogeffect</include>

    <!--<backgroundcolor>ff000000</backgroundcolor>-->


    
    <controls>
		<control type="group">
			<visible>true</visible>
			<control type="image">
				<posx>0</posx>
				<posy>00</posy>
				<width>1280</width><!--710-->
				<height>720</height>
				<texture>fundoinicial.png</texture>
			</control>
			<control type="panel" id="500">
				<posx>250</posx><!--90-->
				<posy>250</posy>
				<width>1200</width><!--1080-->
				<height>485</height>
				<onleft>2</onleft>
				<onright>60</onright>
				<onup>801</onup>
				<align>center</align>
				<viewtype label="21371">list</viewtype>
				<pagecontrol>60</pagecontrol>
				<scrolltime>200</scrolltime>
				<preloaditems>2</preloaditems>
				<itemlayout height="258" width="258">
					<control type="image">
						<posx>1</posx>
						<posy>0</posy>
						<width>256</width>
						<height>256</height>
						<bordertexture border="5">button-nofocus.png</bordertexture>
						<bordersize>5</bordersize>
						<texture background="true">$INFO[Listitem.Icon]</texture>
					</control>
					<control type="label">
						<posx>126</posx>
						<posy>258</posy>
						<width>256</width>
						<height>25</height>
						<font>font13</font>
						<textcolor>grey2</textcolor>
						<selectedcolor>selected</selectedcolor>
						<align>center</align>
						<aligny>center</aligny>
						<info>ListItem.Label</info>
					</control>
				</itemlayout>

				
				<focusedlayout height="258" width="258">
					<control type="image">
						<posx>1</posx>
						<posy>0</posy>
						<width>256</width>
						<height>256</height>
						<bordertexture border="5">folder-focus.png</bordertexture>
						<bordersize>5</bordersize>
						<texture background="true">$INFO[Listitem.Icon]</texture>
					</control>
					<control type="label">
						<posx>126</posx>
						<posy>258</posy>
						<width>256</width>
						<height>25</height>
						<font>font13</font>
						<textcolor>blue</textcolor>
						<selectedcolor>selected</selectedcolor>
						<align>center</align>
						<aligny>center</aligny>
						<info>ListItem.Label</info>
					</control>
				</focusedlayout>
			</control>
		</control>
		
		<control type="label" id="800">
			<description>Info do Video</description>
			<posx>180</posx>
			<posy>450</posy>
			<width>900</width>
			<height>20</height>
			<label></label>
			<font>font13</font>
			<align>center</align>
			<textcolor>white</textcolor>
			<shadowcolor>AA000000</shadowcolor>
		</control>

		<control type="button" id="801">
            <posx>1020</posx>
            <posy>80</posy>
            <width>48</width>
            <height>48</height>
            <texturefocus>lateral-fechar-seleccionado.png</texturefocus>
			<texturenofocus>lateral-fechar.png</texturenofocus>
			<onup>6000</onup>
			<onleft>4306</onleft>
			<ondown>500</ondown>
            <align>left</align>
            <aligny>center</aligny>
            <font>font13</font>
            <textcolor>gold</textcolor>
            <label></label>
			<visible>false</visible>
        </control>
		<control type="label" id="802">
			<description>Sem Servidores</description>
			<posx>180</posx>
			<posy>250</posy>
			<width>900</width>
			<height>20</height>
			<label>[B][COLOR white]$ADDON[plugin.video.wt 40191][/COLOR][/B]</label>
			<font>font13</font>
			<align>center</align>
			<textcolor>white</textcolor>
			<shadowcolor>AA000000</shadowcolor>
			
		</control>
		<control type="label" id="803">
			<description>Sem Servidores</description>
			<posx>1150</posx>
			<posy>30</posy>
			<width>900</width>
			<height>75</height>
			<label></label>
			<font>font13</font>
			<align>right</align>
			<aligny>center</aligny>
			<textcolor>white</textcolor>
			<shadowcolor>AA000000</shadowcolor>
		</control>
		<control type="image" id="101">
			<posx>1170</posx>
			<posy>30</posy>
			<width>75</width><!--710-->
			<height>75</height>
			<!--<texture>lateral-fundo.png</texture>-->
		</control>
		<control type="image" id="102">
			<posx>30</posx>
			<posy>40</posy>
			<width>295</width><!--710-->
			<height>62</height>
			<texture>tv.png</texture>
		</control>
		<control type="image">
			<posx>0</posx>
			<posy>130</posy>
			<width>1280</width>
			<height>4</height>
			<texture>separator.png</texture>
		</control>

    </controls>
</window>
