<?xml version="1.0" encoding="UTF-8"?>
<addon id="plugin.audio.fightnightmusic"
       name="Fightnight Music"
       version="0.0.02"
       provider-name="fightnight">
    <requires>
        <import addon="xbmc.python" version="2.0"/>
    </requires>
    <extension point="xbmc.python.pluginsource" library="default.py">
        <provides>audio</provides>
    </extension>
    <extension point="xbmc.addon.metadata">
        <summary>NoiseTrade</summary>
        <description>Legal music.</description>
        <platform>all</platform>
    </extension>
</addon>