<?xml version="1.0" encoding="UTF-8"?>
<addon id="plugin.video.tvgolo"
       name="TVGolo"
       version="0.0.12"
       provider-name="fightnight">
    <requires>
        <import addon="xbmc.python" version="2.1.0"/>
	<import addon="script.module.urlresolver"  version="1.0.5"/> 
    </requires>
    <extension point="xbmc.python.pluginsource" library="default.py">
        <provides>video</provides>
    </extension>
    <extension point="xbmc.addon.metadata">
        <summary>TVGolo</summary>
        <description>Os golos do TVGolo agora no XBMC.</description>
        <platform>all</platform>
    </extension>
</addon>