<?xml version="1.0" encoding="UTF-8"?>
<addon id="plugin.video.gatofedorento"
       name="Gato Fedorento"
       version="0.0.03"
       provider-name="fightnight">
    <requires>
        <import addon="xbmc.python" version="2.1.0"/>
	<import addon="script.module.urlresolver"  version="1.0.5"/>

    </requires>
    <extension point="xbmc.python.pluginsource" library="default.py">
        <provides>video</provides>
    </extension>
    <extension point="xbmc.addon.metadata">
        <summary>Gato Fedorento</summary>
        <description>Tudo sobre os Gato Fedorento!</description>
        <platform>all</platform>
    </extension>
</addon>