<?xml version="1.0" encoding="UTF-8"?>
<addon id="plugin.video.tvpor"
       name="TV Portuguesa"
       version="0.1.18"
       provider-name="fightnight">
    <requires>
        <import addon="xbmc.python" version="2.1.0"/>
	<import addon="script.module.urlresolver"  version="1.0.5"/>

	<import addon="script.module.t0mm0.common" version="1.0.0"/>
	<import addon="script.module.buggalo" version="1.1.2" />
    </requires>
    <extension point="xbmc.python.pluginsource" library="default.py">
        <provides>video</provides>
    </extension>
    <extension point="xbmc.addon.metadata">
        <summary>Ver canais de TV portugueses e radios no XBMC</summary>
        <description>Ve os teus canais portugueses favoritos e ouve radios no XBMC.

Visita os sites oficiais.
www.desportogratis.com, www.gosporttv.com, www.rtp.pt, www.tugastream.com, www.tvportugalhd.org, www.tvfree2.me, www.tvzune.tv, www.tvdez.com</description>
        <disclaimer>O autor deste addon NAO e responsavel pelo conteudo dos streams.</disclaimer>
        <platform>all</platform>
    </extension>
</addon>