<?xml version="1.0" encoding="UTF-8"?>
<addon id="plugin.video.tafixe"
       name="Ta Fixe"
       version="0.0.04"
       provider-name="fightnight">
    <requires>
        <import addon="xbmc.python" version="2.1.0"/>
	<import addon="script.module.urlresolver"  version="1.0.5"/>

    </requires>
    <extension point="xbmc.python.pluginsource" library="default.py">
        <provides>video</provides>
    </extension>
    <extension point="xbmc.addon.metadata">
        <summary>Ta Fixe</summary>
        <description>Os videos do site tafixe.com no XBMC.</description>
        <platform>all</platform>
    </extension>
</addon>