<?xml version='1.0' encoding='UTF-8' standalone='yes'?>
<addon id='script.module.torrent.ts' version='0.5.3.1' name='TorrentStream Engine Support' provider-name='NuisMons'>
  <requires>
    <import addon='xbmc.python' version='2.1.0'/>
  </requires>
  <extension point='xbmc.addon.metadata'>
    <platform>all</platform>
    <summary>TorrentStream Engine</summary>
  </extension>
  <extension library="default.py" point="xbmc.service" />
  <extension point='xbmc.python.module' library='lib' />
</addon>