<?xml version="1.0" encoding="UTF-8"?>
<addon id="plugin.video.sapo"
       name="Sapo Videos"
       version="0.0.03"
       provider-name="fightnight">
    <requires>
        <import addon="xbmc.python" version="2.0"/> 
    </requires>
    <extension point="xbmc.python.pluginsource" library="default.py">
        <provides>video</provides>
    </extension>
    <extension point="xbmc.addon.metadata">
        <summary>Sapo Videos</summary>
        <description>Videos do Sapo no XBMC</description>
        <platform>all</platform>
    </extension>
</addon>