<window>
    <defaultcontrol always="true">2001</defaultcontrol>
    <allowoverlay>no</allowoverlay>
	<include>dialogeffect</include>
    <zorder>10</zorder>
    <!--<backgroundcolor>ff000000</backgroundcolor>-->


    
    <controls>
		<control type="label" id="9999">
            <description>Mensagem Loading</description>
        </control>
		
		<control type="image">
			<posx>180</posx>
			<posy>70</posy>
			<width>900</width><!--710-->
			<height>540</height>
			<texture>lateral-fundo.png</texture>
		</control>
		<control type="label" id="3000">
			<description>Frase loading</description>
			<posx>180</posx>
			<posy>300</posy>
			<width>900</width>
			<height>20</height>
			<font>font13</font>
			<align>center</align>
			<textcolor>white</textcolor>
			<shadowcolor>AA000000</shadowcolor>
			<visible>Control.IsVisible(9999)</visible>
		</control>
		<control type="label" id="1001">
			<description>Titulo</description>
			<posx>460</posx>
			<posy>130</posy>
			<width>600</width>
			<height>20</height>
			<font>font13</font>
			<align>left</align>
			<textcolor>white</textcolor>
			<shadowcolor>AA000000</shadowcolor>
			<visible>!Control.IsVisible(9999)</visible>
		</control>
		<control type="image" id="1002">
			<posx>200</posx>
			<posy>130</posy>
			<width>225</width>
			<height>335</height>
			<aspectratio>keep</aspectratio>
			<visible>!Control.IsVisible(9999)</visible>
		</control>
		<control type="label" id="1003">
			<description>Generos</description>
			<posx>460</posx>
			<posy>160</posy>
			<width>600</width>
			<height>20</height>
			<font>font13</font>
			<align>left</align>
			<textcolor>white</textcolor>
			<shadowcolor>AA000000</shadowcolor>
			<visible>!Control.IsVisible(9999)</visible>
		</control>
		<control type="label" id="1004">
			<description>Director</description>
			<posx>460</posx>
			<posy>230</posy>
			<width>600</width>
			<height>20</height>
			<font>font12</font>
			<align>left</align>
			<textcolor>white</textcolor>
			<shadowcolor>AA000000</shadowcolor>
			<visible>!Control.IsVisible(9999)</visible>
		</control>
		<control type="label" id="1005">
			<description>Elenco</description>
			<posx>460</posx>
			<posy>260</posy>
			<width>600</width>
			<height>20</height>
			<font>font12</font>
			<align>left</align>
			<textcolor>white</textcolor>
			<shadowcolor>AA000000</shadowcolor>
			<visible>!Control.IsVisible(9999)</visible>
		</control>
		<control type="textbox" id="1006">
			<description>Sinopse</description>
			<posx>460</posx>
			<posy>320</posy>
			<width>600</width>
			<height>150</height>
			<font>font12</font>
			<align>left</align>
			<textcolor>white</textcolor>
			<shadowcolor>AA000000</shadowcolor>
			<autoscroll time="2000" delay="3000" repeat="5000"></autoscroll>
			<visible>!Control.IsVisible(9999)</visible>
		</control>
		<control type="button" id="2000">
            <posx>1020</posx>
            <posy>76</posy>
            <width>48</width>
            <height>48</height>
            <texturefocus>lateral-fechar-seleccionado.png</texturefocus>
			<texturenofocus>lateral-fechar.png</texturenofocus>
			<ondown>2001</ondown>
            <align>left</align>
            <aligny>center</aligny>
            <font>font13</font>
            <textcolor>gold</textcolor>
			<visible>!Control.IsVisible(9999)</visible>
        </control>
		<control type="button" id="2001">
            <posx>450</posx>
            <posy>500</posy>
            <width>300</width>
            <height>40</height>
            <texturefocus>focado.png</texturefocus>
			<texturenofocus>nofocado.png</texturenofocus>
			<bordertexture border="5">button-nofocus.png</bordertexture>
			<onup>2000</onup>
			<onright>2002</onright>
            <align>center</align>
            <aligny>center</aligny>
            <font>font13</font>
            <textcolor>gold</textcolor>
            <label>$ADDON[plugin.video.wt 40334]</label>
			<visible>!Control.IsVisible(9999)</visible>
        </control>
		<control type="button" id="2002">
            <posx>758</posx>
            <posy>500</posy>
            <width>300</width>
            <height>40</height>
            <texturefocus>focado.png</texturefocus>
			<texturenofocus>nofocado.png</texturenofocus>
			<bordertexture border="5">button-nofocus.png</bordertexture>
			<onup>2000</onup>
			<onleft>2001</onleft>
            <align>center</align>
            <aligny>center</aligny>
            <font>font13</font>
            <textcolor>gold</textcolor>
            <label>$ADDON[plugin.video.wt 40335]</label>
			<visible>!Control.IsVisible(9999)</visible>
        </control>
    </controls>
</window>
