<?xml version="1.0" encoding="UTF-8"?>
<addon id="plugin.video.tvpor"
       name="TV Portuguesa"
       version="0.0.30"
       provider-name="fightnight">
    <requires>
        <import addon="xbmc.python" version="1.0"/>
        <import addon="script.common.plugin.cache" version="0.9.0"/> 
	<import addon="script.module.urlresolver"  version="1.0.5"/>

	<import addon="script.module.t0mm0.common" version="1.0.0"/>
    </requires>
    <extension point="xbmc.python.pluginsource" library="default.py">
        <provides>video</provides>
    </extension>
    <extension point="xbmc.addon.metadata">
        <summary>Ver canais de TV portugueses no XBMC</summary>
        <description>Ve os teus canais portugueses favoritos no XBMC.

Visita os sites oficiais.
www.kulive.tv, www.livesoccerhd.net, www.thesporttv.eu, www.tugastream.com, www.tvportugalhd.org, www.tvzune.com, www.wiimov.org</description>
        <platform>all</platform>
    </extension>
</addon>